{
  "lowest_alpha_value": -6.40084865000068e-06,
  "score_threshold": 70000.0,
  "metrics": {
    "optimization_progress": [
      {
        "iteration": 51,
        "params": [
          0.3318720401449921,
          0.00018393817807738083,
          -0.6286936201159201,
          0.2977672166002305,
          -0.16636981518294203
        ],
        "score": 68180.91478343685,
        "contributions": {
          "cofactors": 33844.4401634716,
          "mse": 34336.034358996534,
          "alpha": 4.0241727095830275e-06,
          "entropy": 0.2977672166002305,
          "EAR": 1.0649080069145972e-06,
          "win_penalty": 0.0,
          "regularization": 0.14248866302221622,
          "_raw_alpha": -6.40084865000068e-06,
          "_raw_EAR": -6.40084865000068e-06,
          "matrix": [
            [
              6.40084865000068e-06,
              10000.0,
              -9999.999993599151
            ],
            [
              0.0,
              5.0,
              5.0
            ],
            [
              0.0,
              1.0,
              1.0
            ]
          ]
        }
      },
      {
        "iteration": 51,
        "params": [
          0.3318720401449921,
          0.00018393817807738083,
          -0.6286936201159201,
          0.2977672166002305,
          -0.16636981518294203
        ],
        "score": 68180.91478343685,
        "contributions": {
          "cofactors": 33844.4401634716,
          "mse": 34336.034358996534,
          "alpha": 4.0241727095830275e-06,
          "entropy": 0.2977672166002305,
          "EAR": 1.0649080069145972e-06,
          "win_penalty": 0.0,
          "regularization": 0.14248866302221622,
          "_raw_alpha": -6.40084865000068e-06,
          "_raw_EAR": -6.40084865000068e-06,
          "matrix": [
            [
              6.40084865000068e-06,
              10000.0,
              -9999.999993599151
            ],
            [
              0.0,
              5.0,
              5.0
            ],
            [
              0.0,
              1.0,
              1.0
            ]
          ]
        }
      },
      {
        "iteration": 51,
        "params": [
          0.3318720401449921,
          0.00018393817807738083,
          -0.6286936201159201,
          0.2977672166002305,
          -0.16636981518294203
        ],
        "score": 68180.91478343685,
        "contributions": {
          "cofactors": 33844.4401634716,
          "mse": 34336.034358996534,
          "alpha": 4.0241727095830275e-06,
          "entropy": 0.2977672166002305,
          "EAR": 1.0649080069145972e-06,
          "win_penalty": 0.0,
          "regularization": 0.14248866302221622,
          "_raw_alpha": -6.40084865000068e-06,
          "_raw_EAR": -6.40084865000068e-06,
          "matrix": [
            [
              6.40084865000068e-06,
              10000.0,
              -9999.999993599151
            ],
            [
              0.0,
              5.0,
              5.0
            ],
            [
              0.0,
              1.0,
              1.0
            ]
          ]
        }
      },
      {
        "iteration": 51,
        "params": [
          0.3318720401449921,
          0.00018393817807738083,
          -0.6286936201159201,
          0.2977672166002305,
          -0.16636981518294203
        ],
        "score": 68180.91478343685,
        "contributions": {
          "cofactors": 33844.4401634716,
          "mse": 34336.034358996534,
          "alpha": 4.0241727095830275e-06,
          "entropy": 0.2977672166002305,
          "EAR": 1.0649080069145972e-06,
          "win_penalty": 0.0,
          "regularization": 0.14248866302221622,
          "_raw_alpha": -6.40084865000068e-06,
          "_raw_EAR": -6.40084865000068e-06,
          "matrix": [
            [
              6.40084865000068e-06,
              10000.0,
              -9999.999993599151
            ],
            [
              0.0,
              5.0,
              5.0
            ],
            [
              0.0,
              1.0,
              1.0
            ]
          ]
        }
      },
      {
        "iteration": 51,
        "params": [
          0.3318720401449921,
          0.00018393817807738083,
          -0.6286936201159201,
          0.2977672166002305,
          -0.16636981518294203
        ],
        "score": 68180.91478343685,
        "contributions": {
          "cofactors": 33844.4401634716,
          "mse": 34336.034358996534,
          "alpha": 4.0241727095830275e-06,
          "entropy": 0.2977672166002305,
          "EAR": 1.0649080069145972e-06,
          "win_penalty": 0.0,
          "regularization": 0.14248866302221622,
          "_raw_alpha": -6.40084865000068e-06,
          "_raw_EAR": -6.40084865000068e-06,
          "matrix": [
            [
              6.40084865000068e-06,
              10000.0,
              -9999.999993599151
            ],
            [
              0.0,
              5.0,
              5.0
            ],
            [
              0.0,
              1.0,
              1.0
            ]
          ]
        }
      },
      {
        "iteration": 51,
        "params": [
          0.3318720401449921,
          0.00018393817807738083,
          -0.6286936201159201,
          0.2977672166002305,
          -0.16636981518294203
        ],
        "score": 68180.91478343685,
        "contributions": {
          "cofactors": 33844.4401634716,
          "mse": 34336.034358996534,
          "alpha": 4.0241727095830275e-06,
          "entropy": 0.2977672166002305,
          "EAR": 1.0649080069145972e-06,
          "win_penalty": 0.0,
          "regularization": 0.14248866302221622,
          "_raw_alpha": -6.40084865000068e-06,
          "_raw_EAR": -6.40084865000068e-06,
          "matrix": [
            [
              6.40084865000068e-06,
              10000.0,
              -9999.999993599151
            ],
            [
              0.0,
              5.0,
              5.0
            ],
            [
              0.0,
              1.0,
              1.0
            ]
          ]
        }
      },
      {
        "iteration": 51,
        "params": [
          0.3318720401449921,
          0.00018393817807738083,
          -0.6286936201159201,
          0.2977672166002305,
          -0.16636981518294203
        ],
        "score": 68180.91478343685,
        "contributions": {
          "cofactors": 33844.4401634716,
          "mse": 34336.034358996534,
          "alpha": 4.0241727095830275e-06,
          "entropy": 0.2977672166002305,
          "EAR": 1.0649080069145972e-06,
          "win_penalty": 0.0,
          "regularization": 0.14248866302221622,
          "_raw_alpha": -6.40084865000068e-06,
          "_raw_EAR": -6.40084865000068e-06,
          "matrix": [
            [
              6.40084865000068e-06,
              10000.0,
              -9999.999993599151
            ],
            [
              0.0,
              5.0,
              5.0
            ],
            [
              0.0,
              1.0,
              1.0
            ]
          ]
        }
      }
    ]
  }
}
